{"x":0.0,"y":0.845068097114563,"z":0.0,"w":-0.5346587300300598}